run_date,symbol,earnings_date,score,price_at_flag,outcome_pct,outcome_checked_date
2026-09-24,COST,2026-09-24,59.0,904.7,,
2026-09-24,CCL,2026-09-29,58.5,21.8,,
2026-09-24,TSM,2026-10-15,45.5,446.57,,
2026-09-24,NKE,2026-10-01,42.8,36.05,,
2026-09-24,DAL,2026-10-09,36.5,81.75,,
2026-09-24,COST,2026-09-24,59.0,904.7,,
2026-09-24,CCL,2026-09-29,58.5,21.8,,
2026-09-24,TSM,2026-10-15,45.5,446.57,,
2026-09-24,NKE,2026-10-01,42.8,36.05,,
2026-09-24,DAL,2026-10-09,36.5,81.75,,
2026-09-24,COST,2026-09-24,59.0,904.7,,
2026-09-24,CCL,2026-09-29,58.5,21.8,,
2026-09-24,TSM,2026-10-15,45.5,446.57,,
2026-09-24,NKE,2026-10-01,42.8,36.05,,
2026-09-24,DAL,2026-10-09,36.5,81.75,,
2026-09-27,NKE,2026-10-01,63.6,35.75,,
2026-09-27,CCL,2026-09-29,63.6,22.25,,
2026-09-27,TSM,2026-10-15,49.7,450.61,,
2026-09-27,DAL,2026-10-09,42.2,84.94,,
2026-09-27,PEP,2026-10-08,39.5,128.63,,
2026-10-04,INTC,2026-10-22,65.7,119.33,,
2026-10-04,NOK,2026-10-22,65.7,10.6,,
2026-10-04,TSM,2026-10-15,61.2,472.78,,
2026-10-04,DAL,2026-10-09,54.0,84.09,,
2026-10-04,C,2026-10-13,52.5,128.5,,
