symbol,earnings_date,days_to_earnings,market_cap_b,realized_vol_annualized_pct,eps_estimate_trend_pct,score,eps_estimated,revenue_estimated
INTC,2026-10-22,18,601.9,73.2,47.0,65.7,0.394,16402720000
NOK,2026-10-22,18,57.25,63.6,27.8,65.7,0.08,5752076000
TSM,2026-10-15,11,2452.06,38.6,23.7,61.2,4.4,45301130000
DAL,2026-10-09,5,55.3,29.5,-2.1,54.0,1.88,17621880000
C,2026-10-13,9,220.37,26.9,14.4,52.5,2.66,23699740000
GS,2026-10-13,9,266.26,34.3,2.0,52.4,14.44,17117400000
PEP,2026-10-08,4,171.97,21.6,4.1,52.4,2.3,24965630000
NFLX,2026-10-20,16,279.23,36.2,17.9,48.6,0.821,12873660000
UNH,2026-10-13,9,337.74,21.8,13.4,47.7,4.12,111311200000
WFC,2026-10-13,9,243.28,24.1,8.5,47.2,1.85,22352410000
JNJ,2026-10-13,9,617.01,21.9,11.6,46.9,2.78,25356290000
BAC,2026-10-14,10,381.44,21.3,15.8,46.6,1.11,30757530000
UAL,2026-10-20,16,36.52,36.3,5.3,42.4,2.74,17864140000
JPM,2026-10-13,9,890.62,18.5,8.1,42.3,5.91,51099600000
GE,2026-10-20,16,321.19,28.4,11.2,38.8,1.98,12807790000
GM,2026-10-20,16,70.79,32.8,2.6,38.2,3.68,48742040000
T,2026-10-21,17,166.55,27.3,12.4,36.6,0.601,31702230000
LMT,2026-10-22,18,116.64,30.7,7.2,34.9,7.54,20445480000
AAL,2026-10-22,18,8.57,41.8,-21.3,30.5,-0.339,16173300000
